
INSERT INTO address VALUES ('10001','3519 Dapibus Street','New York','New York','10035');
INSERT INTO address VALUES ('10002','3520 Dapibus Street','New York','New York','10035');
INSERT INTO address VALUES ('10003','3521 Dapibus Street','New York','New York','10035');
INSERT INTO address VALUES ('10004','7873 Egestas Road','Houston','Texas','10137');
INSERT INTO address VALUES ('10005','7800 Egestas Road','Houston','Texas','10137');
INSERT INTO address VALUES ('10006','6959 Luctus Avenue','San Antonio','Texas','10205');
INSERT INTO address VALUES ('10007','2445 Velit. St.','Dallas','Texas','10239');
INSERT INTO address VALUES ('10008','624-9670 Justo. Avenue','San Jose','California','10273');
INSERT INTO address VALUES ('10009','5249 Sodales Rd.','Austin','Texas','10307');
INSERT INTO address VALUES ('10010','4234 Mauris Ave','Jacksonville','Florida','10341');
INSERT INTO address VALUES ('10011','3234 Mauris Ave','Jacksonville','Florida','10342');
INSERT INTO address VALUES ('10012','3574 Mauris Ave','Jacksonville','Florida','10343');
INSERT INTO address VALUES ('10013','3534 Mauris Ave','Jacksonville','Florida','10341');
INSERT INTO address VALUES ('10014','9387 Fringilla. St.','Fort Worth','Texas','10477');
INSERT INTO address VALUES ('10015','7899 Nonummy. Rd.','Charlotte','North Carolina','10511');
INSERT INTO address VALUES ('10016','531-5003 Pellentesque, Ave','Detroit','Michigan','10545');
INSERT INTO address VALUES ('10017','531-5012 Pellentesque, Ave','Detroit','Michigan','10545');
INSERT INTO address VALUES ('10018','P.O. Box 592, 9527 Placerat, St.','Memphis','Tennessee','10613');
INSERT INTO address VALUES ('10019','5776 Odio St.','Seattle','Washington','10647');
INSERT INTO address VALUES ('10020','5107 Velit Av.','Denver','Colorado','10681');
INSERT INTO address VALUES ('10021','P.O. Box 970, 8487 Imperdiet, St.','Washington','District of Columbia','10715');
INSERT INTO address VALUES ('10022','107-1967 Nisl. Road','Nashville','Tennessee','10749');
INSERT INTO address VALUES ('10023','8890 Orci Ave','Baltimore','Maryland','10783');
INSERT INTO address VALUES ('10024','182-5381 Aenean Rd.','Louisville','Kentucky','10817');
INSERT INTO address VALUES ('10025','274-9379 Dolor. Av.','Milwaukee','Wisconsin','10851');
INSERT INTO address VALUES ('10026','P.O. Box 421, 4378 Tristique Road','Albuquerque','New Mexico','10885');
INSERT INTO address VALUES ('10027','Ap #914-4854 Eget St.','Tucson','Arizona','10919');
INSERT INTO address VALUES ('10028','371-9504 Donec Street','Sacramento','California','10953');
INSERT INTO address VALUES ('10029','306-2004 Quis, Ave','Long Beach','California','10987');
INSERT INTO address VALUES ('10030','Ap #376-4777 Neque. Rd.','Kansas City','Missouri','11021');
INSERT INTO address VALUES ('10031','Ap #607-3923 Ultrices St.','Mesa','Arizona','11055');
INSERT INTO address VALUES ('10032','P.O. Box 754, 9844 Non, St.','Virginia Beach','Virginia','11089');
INSERT INTO address VALUES ('10033','192-6150 Eu Avenue','Atlanta','Georgia','11123');
INSERT INTO address VALUES ('10034','3151 Vulputate Rd.','Colorado Springs','Colorado','11157');
INSERT INTO address VALUES ('10035','2883 Dui Street','Raleigh','North Carolina','11191');
INSERT INTO address VALUES ('10036','2012 Rutrum Street','Omaha','Nebraska','11225');
INSERT INTO address VALUES ('10037','5924 Feugiat Rd.','Miami','Florida','11259');
INSERT INTO address VALUES ('10038','Ap #154-1082 Montes, Avenue','Oakland','California','11293');
INSERT INTO address VALUES ('10039','688 Aliquam Ave','Tulsa','Oklahoma','11327');
INSERT INTO address VALUES ('10040','149-884 Ut St.','Minneapolis','Minnesota','11361');
INSERT INTO address VALUES ('10041','Ap #309-1166 Lectus. St.','Cleveland','Ohio','11395');
INSERT INTO address VALUES ('10042','Ap #704-1230 Luctus Avenue','Wichita','Kansas','11429');
INSERT INTO address VALUES ('10043','7830 Ultricies Rd.','Arlington','Texas','11463');
INSERT INTO address VALUES ('10044','Ap #364-729 Ipsum. St.','New Orleans','Louisiana','11497');
INSERT INTO address VALUES ('10045','Ap #512-7664 Cursus. St.','Bakersfield','California','11531');
INSERT INTO address VALUES ('10046','5134 Posuere Street','Tampa','Florida','11565');
INSERT INTO address VALUES ('10047','3197 Donec St.','Honolulu','Hawai','11599');
INSERT INTO address VALUES ('10048','417-9523 Nonummy Rd.','Anaheim','California','11633');
INSERT INTO address VALUES ('10049','5972 Neque Rd.','Aurora','Colorado','11667');
INSERT INTO address VALUES ('10050','5975 Neque Rd.','Aurora','Colorado','11667'); 



INSERT INTO customer VALUES ('20001','Aspen Ward','10001','home','123');
INSERT INTO customer VALUES ('20002','Silas Kramer','10002','home','123');
INSERT INTO customer VALUES ('20003','Price Mays','10003','home','123');
INSERT INTO customer VALUES ('20004','Briar Finley','10004','home','123');
INSERT INTO customer VALUES ('20005','Drew Emerson','10005','home','123');
INSERT INTO customer VALUES ('20006','Justina Herman','10006','home','123');
INSERT INTO customer VALUES ('20007','Inez Whitley','10007','home','123');
INSERT INTO customer VALUES ('20008','Neil Huff','10008','home','123');
INSERT INTO customer VALUES ('20009','Simon Waters','10009','home','123');
INSERT INTO customer VALUES ('20010','Emi Hobbs','10010','home','123');
INSERT INTO customer VALUES ('20011','Vincent Pugh','10011','business','123');
INSERT INTO customer VALUES ('20012','Quamar Irwin','10012','business','123');
INSERT INTO customer VALUES ('20013','Joshua Gillespie','10013','business','123');
INSERT INTO customer VALUES ('20014','Delilah Christensen','10014','business','123');
INSERT INTO customer VALUES ('20015','Amela Miller','10015','business','123');
INSERT INTO customer VALUES ('20016','Brenna Cobb','10016','business','123');
INSERT INTO customer VALUES ('20017','Abbot Parks','10017','business','123');
INSERT INTO customer VALUES ('20018','Mary Nash','10018','business','123');
INSERT INTO customer VALUES ('20019','Mollie Wagner','10019','business','123');
INSERT INTO customer VALUES ('20020','Dillon Walker','10020','business','123');



INSERT INTO business VALUES ('20011','2501323');
INSERT INTO business VALUES ('20012','2468754');
INSERT INTO business VALUES ('20013','2514339');
INSERT INTO business VALUES ('20014','2483125');
INSERT INTO business VALUES ('20015','2502720');
INSERT INTO business VALUES ('20016','2541854');
INSERT INTO business VALUES ('20017','2517543');
INSERT INTO business VALUES ('20018','2559732');
INSERT INTO business VALUES ('20019','2505508');
INSERT INTO business VALUES ('20020','2501621');


INSERT INTO home VALUES ('20001','unmarried','male',40,26232);
INSERT INTO home VALUES ('20002','unmarried','famale',24,50556);
INSERT INTO home VALUES ('20003','married ','famale',27,43491);
INSERT INTO home VALUES ('20004','married','male',34,33527);
INSERT INTO home VALUES ('20005','unmarried','famale',25,97818);
INSERT INTO home VALUES ('20006','unmarried','male',48,79290);
INSERT INTO home VALUES ('20007','unmarried','male',21,52119);
INSERT INTO home VALUES ('20008','unmarried','famale',44,96223);
INSERT INTO home VALUES ('20009','married ','famale',18,16951);
INSERT INTO home VALUES ('20010','married','male',36,53682);


INSERT INTO products VALUES ('30001','Floger_coffee',22,12.78,'coffee');
INSERT INTO products VALUES ('30002','Koffee_Kult',31,24.99,'coffee');
INSERT INTO products VALUES ('30003','Peets_Ground_Coffee',7,17.67,'coffee');
INSERT INTO products VALUES ('30004','Ahmad_Tea',48,9.65,'tea');
INSERT INTO products VALUES ('30005','Bigelow_Tea',5,15.52,'tea');
INSERT INTO products VALUES ('30006','Ceylon_Tea',49,19.99,'tea');
INSERT INTO products VALUES ('30007','Tuscan_Whole_Milk',48,74,'milk');
INSERT INTO products VALUES ('30008','Organic_Valley_Milk',21,129,'milk');
INSERT INTO products VALUES ('30009','Horizon_Low_Fat_Milk',7,26,'milk');
INSERT INTO products VALUES ('30010','Ginkgo Tea',123,11.98,'tea');
INSERT INTO products VALUES ('30011','Oolong Tea',112,17.09,'tea');
INSERT INTO products VALUES ('30012','Pu Erh Tea',234,12.95,'tea');
INSERT INTO products VALUES ('30013','Dynasty Tea',45,27.51,'tea');
INSERT INTO products VALUES ('30014','Elitea  Tea',55,24.99,'tea');
INSERT INTO products VALUES ('30015','Chocolate Organic Milk',56,33.13,'milk');
INSERT INTO products VALUES ('30016','Horizon Organic Whole Milk',78,46.65,'milk');
INSERT INTO products VALUES ('30017','Hershey Milk',35,25.23,'milk');
INSERT INTO products VALUES ('30018','Ovaltine Rich Milk',345,6.99,'milk');
INSERT INTO products VALUES ('30019','Nestle Nesquik Milk',555,27.65,'milk');
INSERT INTO products VALUES ('30020','Green Mountain Coffee',234,39.96,'coffee');
INSERT INTO products VALUES ('30021','Gold Kona Coffee',75,24.51,'coffee');
INSERT INTO products VALUES ('30022','Honduran Marcala Coffee',90,18.95,'coffee');
INSERT INTO products VALUES ('30023','Eight Clock Coffee',136,16.56,'coffee');
INSERT INTO products VALUES ('30024','Verena Street Coffee',412,44.94,'coffee');

INSERT INTO region VALUES ('101','A','Garrett Chavez');
INSERT INTO region VALUES ('102','B','Freya Rivers');
INSERT INTO region VALUES ('103','C','Camden Holcomb');
INSERT INTO region VALUES ('104','D','Ira Lang');
INSERT INTO region VALUES ('105','E','Lacy Harrison');


INSERT INTO store VALUES ('40001','10021','Beverly Patton',1,'101');
INSERT INTO store VALUES ('40002','10022','Hoyt Conway',1,'102');
INSERT INTO store VALUES ('40003','10023','Cyrus Waller',3,'101');
INSERT INTO store VALUES ('40004','10024','Holly Fitzgerald',3,'101');
INSERT INTO store VALUES ('40005','10025','Briar Salinas',2,'105');
INSERT INTO store VALUES ('40006','10026','Allistair Ray',2,'101');
INSERT INTO store VALUES ('40007','10027','Ruby Kirkland',2,'102');
INSERT INTO store VALUES ('40008','10028','Wing David',2,'103');
INSERT INTO store VALUES ('40009','10029','Quon Davidson',2,'104');
INSERT INTO store VALUES ('40010','10030','Paul Roach',2,'102');


INSERT INTO salespersons VALUES ('500001','Evan Harrington','10031','porta.elit@mauriseli','manager','40001',4204,'123');
INSERT INTO salespersons VALUES ('500002','Nora Williamson','10032','ligula@venenatisa.ca','manager','40002',9499,'123');
INSERT INTO salespersons VALUES ('500003','Charissa Fox','10033','nibh.Donec@Vivamusni','manager','40003',8747,'123');
INSERT INTO salespersons VALUES ('500004','Casey Horton','10034','Cras@accumsanlaoreet','manager','40003',5931,'123');
INSERT INTO salespersons VALUES ('500005','Eugenia Malone','10035','Cum@tinciduntDonec.n','manager','40003',4480,'123');
INSERT INTO salespersons VALUES ('500006','Lance Franklin','10036','lobortis@semconsequa','manager','40004',4794,'123');
INSERT INTO salespersons VALUES ('500007','Hayden Glenn','10037','ligula@tristiquepell','manager','40004',5645,'123');
INSERT INTO salespersons VALUES ('500008','Taylor Daugherty','10038','felis@atpretiumaliqu','director','40004',4290,'123');
INSERT INTO salespersons VALUES ('500009','Mary Ramirez','10039','sed@odio.com','director','40005',4717,'123');
INSERT INTO salespersons VALUES ('500010','Orli Kirk','10040','ornare@non.co.uk','director','40006',6475,'123');
INSERT INTO salespersons VALUES ('500011','Robert Carroll','10041','risus.In.mi@sollicit','director','40007',5164,'123');
INSERT INTO salespersons VALUES ('500012','Hoyt Talley','10042','cursus.vestibulum@co','director','40008',4835,'123');
INSERT INTO salespersons VALUES ('500013','Coby Velazquez','10043','fringilla.porttitor.','director','40009',7733,'123');
INSERT INTO salespersons VALUES ('500014','Willow Manning','10044','ipsum.nunc@ut.net','director','40010',7467,'123');
INSERT INTO salespersons VALUES ('500015','Dennis Randolph','10045','Morbi@diamDuis.org','manager','40005',8067,'123');
INSERT INTO salespersons VALUES ('500016','Blossom Walter','10046','magna.a@vel.net','manager','40006',9902,'123');
INSERT INTO salespersons VALUES ('500017','Rhoda Dominguez','10047','et.lacinia.vitae@Mor','manager','40007',4086,'123');
INSERT INTO salespersons VALUES ('500018','Sopoline Mathews','10048','libero.nec.ligula@mi','director','40008',9332,'123');
INSERT INTO salespersons VALUES ('500019','Raphael Miranda','10049','nibh@rhoncusProin.ca','director','40009',7576,'123');
INSERT INTO salespersons VALUES ('500020','Joy Key','10050','libero.lacus@element','director','40010',7853,'123');


INSERT INTO transactions VALUES ('10000001','2014-5-12','500001','30001',47,'20001');
INSERT INTO transactions VALUES ('10000002','2014-5-13','500002','30002',28,'20002');
INSERT INTO transactions VALUES ('10000003','2014-5-14','500003','30003',27,'20003');
INSERT INTO transactions VALUES ('10000004','2014-5-15','500004','30004',8,'20004');
INSERT INTO transactions VALUES ('10000005','2014-5-16','500005','30005',35,'20005');
INSERT INTO transactions VALUES ('10000006','2014-5-17','500006','30006',27,'20006');
INSERT INTO transactions VALUES ('10000007','2014-5-18','500007','30007',48,'20007');
INSERT INTO transactions VALUES ('10000008','2014-5-19','500008','30008',13,'20008');
INSERT INTO transactions VALUES ('10000009','2014-5-20','500009','30009',45,'20009');
INSERT INTO transactions VALUES ('10000010','2014-5-21','500010','30001',23,'20010');
INSERT INTO transactions VALUES ('10000011','2014-5-22','500011','30002',37,'20011');
INSERT INTO transactions VALUES ('10000012','2014-5-23','500012','30003',45,'20012');
INSERT INTO transactions VALUES ('10000013','2014-5-24','500013','30004',36,'20013');
INSERT INTO transactions VALUES ('10000014','2014-5-25','500014','30005',46,'20014');
INSERT INTO transactions VALUES ('10000015','2014-5-26','500015','30006',49,'20015');
INSERT INTO transactions VALUES ('10000016','2014-5-27','500016','30007',30,'20016');
INSERT INTO transactions VALUES ('10000017','2014-6-1','500017','30008',46,'20017');
INSERT INTO transactions VALUES ('10000018','2014-6-2','500018','30009',14,'20018');
INSERT INTO transactions VALUES ('10000019','2014-6-3','500019','30001',9,'20019');
INSERT INTO transactions VALUES ('10000020','2014-6-4','500020','30002',45,'20020');
INSERT INTO transactions VALUES ('10000021','2014-6-5','500001','30003',39,'20001');
INSERT INTO transactions VALUES ('10000022','2014-6-6','500002','30004',43,'20002');
INSERT INTO transactions VALUES ('10000023','2014-6-7','500003','30005',13,'20003');
INSERT INTO transactions VALUES ('10000024','2014-6-8','500004','30006',43,'20004');
INSERT INTO transactions VALUES ('10000025','2014-6-9','500005','30007',7,'20005');
INSERT INTO transactions VALUES ('10000026','2014-6-10','500006','30008',46,'20006');
INSERT INTO transactions VALUES ('10000027','2014-6-11','500007','30009',8,'20007');
INSERT INTO transactions VALUES ('10000028','2014-6-12','500008','30001',18,'20008');
INSERT INTO transactions VALUES ('10000029','2014-6-13','500009','30002',8,'20009');
INSERT INTO transactions VALUES ('10000030','2014-6-14','500010','30003',17,'20010');
INSERT INTO transactions VALUES ('10000031','2014-6-15','500011','30004',45,'20011');
INSERT INTO transactions VALUES ('10000032','2014-6-16','500012','30005',38,'20012');
INSERT INTO transactions VALUES ('10000033','2014-6-17','500013','30006',1,'20013');
INSERT INTO transactions VALUES ('10000034','2014-7-1','500014','30007',16,'20014');
INSERT INTO transactions VALUES ('10000035','2014-7-2','500015','30008',43,'20015');
INSERT INTO transactions VALUES ('10000036','2014-7-3','500016','30009',12,'20016');
INSERT INTO transactions VALUES ('10000037','2014-7-4','500017','30001',27,'20017');
INSERT INTO transactions VALUES ('10000038','2014-7-5','500018','30002',13,'20018');
INSERT INTO transactions VALUES ('10000039','2014-7-6','500019','30003',3,'20019');
INSERT INTO transactions VALUES ('10000040','2014-7-7','500020','30004',10,'20020');
INSERT INTO transactions VALUES ('10000041','2014-7-8','500001','30005',10,'20001');
INSERT INTO transactions VALUES ('10000042','2014-7-9','500002','30006',42,'20002');
INSERT INTO transactions VALUES ('10000043','2014-7-10','500003','30007',8,'20003');
INSERT INTO transactions VALUES ('10000044','2014-7-11','500004','30008',32,'20004');
INSERT INTO transactions VALUES ('10000045','2014-7-12','500005','30009',48,'20005');
INSERT INTO transactions VALUES ('10000046','2014-7-13','500006','30001',3,'20006');
INSERT INTO transactions VALUES ('10000047','2014-7-14','500007','30002',14,'20007');
INSERT INTO transactions VALUES ('10000048','2014-7-15','500008','30003',30,'20008');
INSERT INTO transactions VALUES ('10000049','2014-7-16','500009','30004',50,'20009');
INSERT INTO transactions VALUES ('10000050','2014-7-17','500010','30005',18,'20010');
INSERT INTO transactions VALUES ('10000051','2014-7-18','500011','30006',13,'20011');
INSERT INTO transactions VALUES ('10000052','2014-7-19','500012','30007',48,'20012');
INSERT INTO transactions VALUES ('10000053','2014-7-20','500013','30008',10,'20013');
INSERT INTO transactions VALUES ('10000054','2014-7-21','500014','30009',18,'20014');
INSERT INTO transactions VALUES ('10000055','2014-7-22','500015','30001',48,'20015');
INSERT INTO transactions VALUES ('10000056','2014-7-23','500016','30002',45,'20016');
INSERT INTO transactions VALUES ('10000057','2014-7-24','500017','30003',9,'20017');
INSERT INTO transactions VALUES ('10000058','2014-7-25','500018','30004',31,'20018');
INSERT INTO transactions VALUES ('10000059','2014-7-26','500019','30005',11,'20019');
INSERT INTO transactions VALUES ('10000060','2014-7-27','500020','30006',29,'20020');
INSERT INTO transactions VALUES ('10000061','2014-7-28','500001','30007',18,'20001');
INSERT INTO transactions VALUES ('10000062','2014-8-2','500002','30008',22,'20002');
INSERT INTO transactions VALUES ('10000063','2014-8-3','500003','30009',14,'20003');
INSERT INTO transactions VALUES ('10000064','2014-8-4','500004','30001',49,'20004');
INSERT INTO transactions VALUES ('10000065','2014-8-5','500005','30002',19,'20005');
INSERT INTO transactions VALUES ('10000066','2014-8-6','500006','30003',47,'20006');
INSERT INTO transactions VALUES ('10000067','2014-8-7','500007','30004',50,'20007');
INSERT INTO transactions VALUES ('10000068','2014-8-8','500008','30005',5,'20008');
INSERT INTO transactions VALUES ('10000069','2014-8-9','500009','30006',21,'20009');
INSERT INTO transactions VALUES ('10000070','2014-8-10','500010','30007',17,'20010');
INSERT INTO transactions VALUES ('10000071','2014-8-11','500011','30008',41,'20011');
INSERT INTO transactions VALUES ('10000072','2014-8-12','500012','30009',8,'20012');
INSERT INTO transactions VALUES ('10000073','2014-8-13','500013','30001',14,'20013');
INSERT INTO transactions VALUES ('10000074','2014-8-14','500014','30002',18,'20014');
INSERT INTO transactions VALUES ('10000075','2014-8-15','500015','30003',1,'20015');
INSERT INTO transactions VALUES ('10000076','2014-8-16','500016','30004',36,'20016');
INSERT INTO transactions VALUES ('10000077','2014-8-17','500017','30005',42,'20017');
INSERT INTO transactions VALUES ('10000078','2014-8-18','500018','30006',50,'20018');
INSERT INTO transactions VALUES ('10000079','2014-8-19','500019','30007',31,'20019');
INSERT INTO transactions VALUES ('10000080','2014-8-20','500020','30008',10,'20020');
INSERT INTO transactions VALUES ('10000081','2014-8-21','500001','30009',15,'20001');
INSERT INTO transactions VALUES ('10000082','2014-8-22','500002','30001',30,'20002');
INSERT INTO transactions VALUES ('10000083','2014-8-23','500003','30002',26,'20003');
INSERT INTO transactions VALUES ('10000084','2014-8-24','500004','30003',49,'20004');
INSERT INTO transactions VALUES ('10000085','2014-8-25','500005','30004',42,'20005');
INSERT INTO transactions VALUES ('10000086','2014-8-26','500006','30005',17,'20006');
INSERT INTO transactions VALUES ('10000087','2014-8-27','500007','30006',23,'20007');
INSERT INTO transactions VALUES ('10000088','2014-9-12','500008','30007',49,'20008');
INSERT INTO transactions VALUES ('10000089','2014-9-13','500009','30008',43,'20009');
INSERT INTO transactions VALUES ('10000090','2014-9-14','500010','30009',47,'20010');
INSERT INTO transactions VALUES ('10000091','2014-9-15','500011','30001',42,'20011');
INSERT INTO transactions VALUES ('10000092','2014-9-16','500012','30002',40,'20012');
INSERT INTO transactions VALUES ('10000093','2014-9-17','500013','30003',20,'20013');
INSERT INTO transactions VALUES ('10000094','2014-9-18','500014','30004',26,'20014');
INSERT INTO transactions VALUES ('10000095','2014-9-19','500015','30005',40,'20015');
INSERT INTO transactions VALUES ('10000096','2014-9-20','500016','30006',30,'20016');
INSERT INTO transactions VALUES ('10000097','2014-9-21','500017','30007',19,'20017');
INSERT INTO transactions VALUES ('10000098','2014-9-22','500018','30008',7,'20018');
INSERT INTO transactions VALUES ('10000099','2014-9-23','500019','30009',12,'20019');
INSERT INTO transactions VALUES ('10000100','2014-9-24','500020','30001',45,'20020');
INSERT INTO transactions VALUES ('10000101','2014-9-25','500001','30010',47,'20010');
INSERT INTO transactions VALUES ('10000102','2014-9-26','500002','30011',28,'20011');
INSERT INTO transactions VALUES ('10000103','2014-9-27','500003','30012',27,'20012');
INSERT INTO transactions VALUES ('10000104','2014-10-2','500004','30013',8,'20013');
INSERT INTO transactions VALUES ('10000105','2014-10-3','500005','30014',35,'20014');
INSERT INTO transactions VALUES ('10000106','2014-10-4','500006','30015',27,'20015');
INSERT INTO transactions VALUES ('10000107','2014-10-5','500007','30016',48,'20016');
INSERT INTO transactions VALUES ('10000108','2014-10-6','500008','30017',13,'20017');
INSERT INTO transactions VALUES ('10000109','2014-10-7','500009','30018',45,'20018');
INSERT INTO transactions VALUES ('10000110','2014-10-8','500010','30019',23,'20019');
INSERT INTO transactions VALUES ('10000111','2014-10-9','500001','30020',37,'20020');
INSERT INTO transactions VALUES ('10000112','2014-10-10','500002','30021',45,'20010');
INSERT INTO transactions VALUES ('10000113','2014-10-11','500003','30022',36,'20011');
INSERT INTO transactions VALUES ('10000114','2014-10-12','500004','30023',46,'20012');
INSERT INTO transactions VALUES ('10000115','2014-10-13','500005','30024',49,'20013');
INSERT INTO transactions VALUES ('10000116','2014-10-14','500006','30010',30,'20014');
INSERT INTO transactions VALUES ('10000117','2014-10-15','500007','30011',46,'20015');
INSERT INTO transactions VALUES ('10000118','2014-10-16','500008','30012',14,'20016');
INSERT INTO transactions VALUES ('10000119','2014-10-17','500009','30010',9,'20017');
INSERT INTO transactions VALUES ('10000120','2014-10-18','500010','30011',45,'20018');
INSERT INTO transactions VALUES ('10000121','2014-10-19','500001','30012',39,'20019');
INSERT INTO transactions VALUES ('10000122','2014-10-20','500002','30013',43,'20020');
INSERT INTO transactions VALUES ('10000123','2014-10-21','500003','30014',13,'20010');
INSERT INTO transactions VALUES ('10000124','2014-10-22','500004','30015',43,'20011');
INSERT INTO transactions VALUES ('10000125','2014-11-2','500005','30016',7,'20012');
INSERT INTO transactions VALUES ('10000126','2014-11-3','500006','30017',46,'20013');
INSERT INTO transactions VALUES ('10000127','2014-11-4','500007','30018',8,'20014');
INSERT INTO transactions VALUES ('10000128','2014-11-5','500008','30019',18,'20015');
INSERT INTO transactions VALUES ('10000129','2014-11-6','500009','30020',8,'20016');
INSERT INTO transactions VALUES ('10000130','2014-11-7','500010','30021',17,'20017');
INSERT INTO transactions VALUES ('10000131','2014-11-8','500001','30022',45,'20018');
INSERT INTO transactions VALUES ('10000132','2014-11-9','500002','30023',38,'20019');
INSERT INTO transactions VALUES ('10000133','2014-11-10','500003','30024',1,'20020');
INSERT INTO transactions VALUES ('10000134','2014-11-11','500004','30022',16,'20010');
INSERT INTO transactions VALUES ('10000135','2014-11-12','500005','30023',43,'20011');
INSERT INTO transactions VALUES ('10000136','2014-11-13','500001','30024',12,'20012');
INSERT INTO transactions VALUES ('10000137','2014-11-14','500002','30010',27,'20013');
INSERT INTO transactions VALUES ('10000138','2014-11-15','500003','30011',13,'20014');
INSERT INTO transactions VALUES ('10000139','2014-11-16','500004','30012',3,'20015');
INSERT INTO transactions VALUES ('10000140','2014-11-17','500005','30013',10,'20016');
INSERT INTO transactions VALUES ('10000141','2014-11-18','500001','30010',10,'20017');
INSERT INTO transactions VALUES ('10000142','2014-11-19','500002','30011',42,'20018');
INSERT INTO transactions VALUES ('10000143','2014-11-20','500003','30012',8,'20019');
INSERT INTO transactions VALUES ('10000144','2014-11-21','500004','30013',32,'20020');
INSERT INTO transactions VALUES ('10000145','2014-11-22','500005','30014',48,'20015');
INSERT INTO transactions VALUES ('10000146','2014-11-23','500001','30015',3,'20016');
INSERT INTO transactions VALUES ('10000147','2014-11-24','500002','30016',14,'20017');
INSERT INTO transactions VALUES ('10000148','2014-11-25','500003','30010',30,'20018');
INSERT INTO transactions VALUES ('10000149','2014-12-2','500001','30011',50,'20019');
INSERT INTO transactions VALUES ('10000150','2014-12-3','500002','30012',18,'20020');
INSERT INTO transactions VALUES ('10000151','2014-12-4','500003','30013',13,'20015');
INSERT INTO transactions VALUES ('10000152','2014-12-5','500001','30010',48,'20016');
INSERT INTO transactions VALUES ('10000153','2014-12-6','500002','30011',10,'20017');
INSERT INTO transactions VALUES ('10000154','2014-12-7','500003','30012',18,'20018');
INSERT INTO transactions VALUES ('10000155','2014-12-8','500001','30013',48,'20019');
INSERT INTO transactions VALUES ('10000156','2014-12-9','500002','30014',45,'20020');
INSERT INTO transactions VALUES ('10000157','2014-12-10','500003','30015',9,'20015');
INSERT INTO transactions VALUES ('10000158','2014-12-11','500001','30016',31,'20016');
INSERT INTO transactions VALUES ('10000159','2014-12-12','500002','30017',11,'20017');
INSERT INTO transactions VALUES ('10000160','2014-12-13','500003','30018',29,'20018');
INSERT INTO transactions VALUES ('10000161','2014-12-14','500015','30019',18,'20019');
INSERT INTO transactions VALUES ('10000162','2014-12-15','500016','30020',22,'20020');
INSERT INTO transactions VALUES ('10000163','2014-12-16','500017','30021',14,'20019');
INSERT INTO transactions VALUES ('10000164','2014-12-17','500018','30022',49,'20020');
INSERT INTO transactions VALUES ('10000165','2014-12-18','500019','30023',19,'20015');
INSERT INTO transactions VALUES ('10000166','2014-12-19','500020','30024',47,'20019');
INSERT INTO transactions VALUES ('10000167','2014-12-20','500001','30010',50,'20020');
INSERT INTO transactions VALUES ('10000168','2014-12-21','500002','30011',5,'20015');
INSERT INTO transactions VALUES ('10000169','2014-12-22','500003','30012',21,'20019');
INSERT INTO transactions VALUES ('10000170','2014-12-23','500004','30013',17,'20020');
INSERT INTO transactions VALUES ('10000171','2014-12-24','500005','30014',41,'20015');
INSERT INTO transactions VALUES ('10000172','2014-12-25','500015','30015',8,'20019');
INSERT INTO transactions VALUES ('10000173','2014-12-26','500016','30016',14,'20020');
INSERT INTO transactions VALUES ('10000174','2015-1-2','500017','30017',18,'20015');
INSERT INTO transactions VALUES ('10000175','2015-1-3','500018','30018',1,'20019');
INSERT INTO transactions VALUES ('10000176','2015-1-4','500019','30019',36,'20020');
INSERT INTO transactions VALUES ('10000177','2015-1-5','500020','30020',42,'20015');
INSERT INTO transactions VALUES ('10000178','2015-1-6','500001','30021',50,'20019');
INSERT INTO transactions VALUES ('10000179','2015-1-7','500002','30022',31,'20020');
INSERT INTO transactions VALUES ('10000180','2015-1-8','500003','30023',10,'20015');
INSERT INTO transactions VALUES ('10000181','2015-1-9','500004','30024',15,'20001');
INSERT INTO transactions VALUES ('10000182','2015-1-10','500005','30019',30,'20002');
INSERT INTO transactions VALUES ('10000183','2015-1-11','500015','30020',26,'20003');
INSERT INTO transactions VALUES ('10000184','2015-1-12','500016','30021',49,'20004');
INSERT INTO transactions VALUES ('10000185','2015-1-13','500017','30022',42,'20005');
INSERT INTO transactions VALUES ('10000186','2015-1-14','500018','30023',17,'20006');
INSERT INTO transactions VALUES ('10000187','2015-1-15','500019','30024',23,'20007');
INSERT INTO transactions VALUES ('10000188','2015-1-16','500020','30019',49,'20008');
INSERT INTO transactions VALUES ('10000189','2015-1-17','500001','30020',43,'20009');
INSERT INTO transactions VALUES ('10000190','2015-1-18','500002','30021',47,'20010');
INSERT INTO transactions VALUES ('10000191','2015-1-19','500003','30022',42,'20001');
INSERT INTO transactions VALUES ('10000192','2015-1-20','500004','30023',40,'20002');
INSERT INTO transactions VALUES ('10000193','2015-1-21','500005','30024',20,'20003');
INSERT INTO transactions VALUES ('10000194','2015-1-22','500015','30019',26,'20004');
INSERT INTO transactions VALUES ('10000195','2015-1-23','500016','30020',40,'20005');
INSERT INTO transactions VALUES ('10000196','2015-1-24','500017','30021',30,'20006');
INSERT INTO transactions VALUES ('10000197','2015-1-25','500018','30022',19,'20001');
INSERT INTO transactions VALUES ('10000198','2015-1-26','500019','30019',7,'20002');
INSERT INTO transactions VALUES ('10000199','2015-1-27','500020','30020',12,'20003');
INSERT INTO transactions VALUES ('10000200','2015-1-28','500001','30021',45,'20004');
INSERT INTO transactions VALUES ('10000201','2015-1-29','500002','30022',47,'20005');
INSERT INTO transactions VALUES ('10000202','2015-2-3','500003','30023',28,'20006');
INSERT INTO transactions VALUES ('10000203','2015-2-4','500004','30024',27,'20007');
INSERT INTO transactions VALUES ('10000204','2015-2-5','500005','30023',8,'20008');
INSERT INTO transactions VALUES ('10000205','2015-2-6','500015','30024',35,'20009');
INSERT INTO transactions VALUES ('10000206','2015-2-7','500016','30019',27,'20010');
INSERT INTO transactions VALUES ('10000207','2015-2-8','500017','30020',48,'20001');
INSERT INTO transactions VALUES ('10000208','2015-2-9','500018','30021',13,'20002');
INSERT INTO transactions VALUES ('10000209','2015-2-10','500019','30022',45,'20003');
INSERT INTO transactions VALUES ('10000210','2015-2-11','500020','30019',23,'20004');
INSERT INTO transactions VALUES ('10000211','2015-2-12','500001','30020',37,'20005');
INSERT INTO transactions VALUES ('10000212','2015-2-13','500015','30021',45,'20006');
INSERT INTO transactions VALUES ('10000213','2015-2-14','500016','30022',36,'20007');
INSERT INTO transactions VALUES ('10000214','2015-2-15','500017','30023',46,'20008');
INSERT INTO transactions VALUES ('10000215','2015-2-16','500018','30024',49,'20009');
INSERT INTO transactions VALUES ('10000216','2015-2-17','500019','30019',30,'20010');
INSERT INTO transactions VALUES ('10000217','2015-2-18','500020','30020',46,'20010');
INSERT INTO transactions VALUES ('10000218','2015-2-19','500001','30021',14,'20001');
INSERT INTO transactions VALUES ('10000219','2015-2-20','500002','30022',9,'20002');
INSERT INTO transactions VALUES ('10000220','2015-2-21','500003','30023',45,'20003');
INSERT INTO transactions VALUES ('10000221','2015-2-22','500004','30024',39,'20004');
INSERT INTO transactions VALUES ('10000222','2015-2-23','500005','30021',43,'20005');
INSERT INTO transactions VALUES ('10000223','2015-2-24','500015','30022',13,'20006');
INSERT INTO transactions VALUES ('10000224','2015-2-25','500016','30023',43,'20007');
INSERT INTO transactions VALUES ('10000225','2015-2-26','500017','30024',7,'20008');
INSERT INTO transactions VALUES ('10000226','2015-2-27','500018','30020',46,'20009');
INSERT INTO transactions VALUES ('10000227','2015-3-1','500019','30021',8,'20010');
INSERT INTO transactions VALUES ('10000228','2015-3-2','500020','30022',18,'20001');
INSERT INTO transactions VALUES ('10000229','2015-3-3','500001','30023',8,'20002');
INSERT INTO transactions VALUES ('10000230','2015-3-4','500002','30024',17,'20003');
INSERT INTO transactions VALUES ('10000231','2015-3-5','500003','30010',45,'20004');
INSERT INTO transactions VALUES ('10000232','2015-3-6','500004','30011',38,'20005');
INSERT INTO transactions VALUES ('10000233','2015-3-7','500005','30012',1,'20006');
INSERT INTO transactions VALUES ('10000234','2015-3-8','500005','30013',16,'20007');
INSERT INTO transactions VALUES ('10000235','2015-3-9','500019','30014',43,'20008');
INSERT INTO transactions VALUES ('10000236','2015-3-10','500020','30015',12,'20009');
INSERT INTO transactions VALUES ('10000237','2015-3-11','500001','30016',27,'20010');
INSERT INTO transactions VALUES ('10000238','2015-3-12','500002','30017',13,'20001');
INSERT INTO transactions VALUES ('10000239','2015-3-13','500003','30018',3,'20002');
INSERT INTO transactions VALUES ('10000240','2015-3-14','500004','30019',10,'20003');
INSERT INTO transactions VALUES ('10000241','2015-3-15','500005','30020',10,'20004');
INSERT INTO transactions VALUES ('10000242','2015-3-16','500005','30021',42,'20005');
INSERT INTO transactions VALUES ('10000243','2015-3-17','500005','30022',8,'20006');
INSERT INTO transactions VALUES ('10000244','2015-3-18','500005','30023',32,'20007');
INSERT INTO transactions VALUES ('10000245','2015-3-19','500006','30024',48,'20008');
INSERT INTO transactions VALUES ('10000246','2015-3-20','500007','30019',3,'20009');
INSERT INTO transactions VALUES ('10000247','2015-3-21','500008','30020',14,'20010');
INSERT INTO transactions VALUES ('10000248','2015-3-22','500009','30021',30,'20001');
INSERT INTO transactions VALUES ('10000249','2015-3-23','500010','30022',50,'20002');
INSERT INTO transactions VALUES ('10000250','2015-3-24','500011','30023',18,'20003');
INSERT INTO transactions VALUES ('10000251','2015-3-25','500012','30024',13,'20004');
INSERT INTO transactions VALUES ('10000252','2015-5-2','500013','30010',48,'20005');
INSERT INTO transactions VALUES ('10000253','2015-5-3','500014','30011',10,'20006');
INSERT INTO transactions VALUES ('10000254','2015-5-4','500015','30012',18,'20007');
INSERT INTO transactions VALUES ('10000255','2015-5-5','500016','30013',48,'20008');
INSERT INTO transactions VALUES ('10000256','2015-5-6','500017','30014',45,'20009');
INSERT INTO transactions VALUES ('10000257','2015-5-7','500018','30015',9,'20010');
INSERT INTO transactions VALUES ('10000258','2015-5-8','500019','30016',31,'20011');
INSERT INTO transactions VALUES ('10000259','2015-5-9','500020','30017',11,'20012');


